history,phase,condition,trial,c,x,y,correct_action
H-S,training,T,1,1,1,0,A1
H-S,training,T,2,0,1,1,A1
H-S,training,T,3,1,1,1,A1
H-S,training,T,4,0,1,0,A0
H-S,training,T,5,1,0,1,A0
H-S,training,T,6,0,0,0,A1
H-S,training,T,7,1,1,0,A1
H-S,training,T,8,0,1,1,A1
H-S,training,T,9,1,0,1,A0
H-S,training,T,10,1,1,1,A1
H-S,training,T,11,0,0,0,A1
H-S,training,T,12,0,1,0,A0
H-S,training,T,13,1,0,1,A0
H-S,training,T,14,0,1,1,A1
H-S,training,T,15,1,1,0,A1
H-S,training,T,16,0,0,0,A1
H-S,training,T,17,0,1,0,A0
H-S,training,T,18,1,1,1,A1
H-S,training,T,19,1,0,1,A0
H-S,training,T,20,1,1,0,A1
H-S,training,T,21,0,1,1,A1
H-S,training,T,22,0,0,0,A1
H-S,training,T,23,1,1,1,A1
H-S,training,T,24,0,1,0,A0
H-S,training,T,25,1,0,1,A0
H-S,training,T,26,1,1,0,A1
H-S,training,T,27,0,1,1,A1
H-S,training,T,28,0,0,0,A1
H-S,training,T,29,0,1,0,A0
H-S,training,T,30,1,0,1,A0
H-S,training,T,31,1,1,1,A1
H-S,training,T,32,0,1,1,A1
H-S,training,T,33,1,1,0,A1
H-S,training,T,34,0,0,0,A1
H-S,training,T,35,0,1,0,A0
H-S,training,T,36,1,0,1,A0
H-S,training,T,37,1,1,1,A1
H-S,training,T,38,0,1,1,A1
H-S,training,T,39,0,0,0,A1
H-S,training,T,40,1,1,0,A1
H-S,training,T,41,0,1,0,A0
H-S,training,T,42,1,0,1,A0
H-S,training,T,43,0,1,1,A1
H-S,training,T,44,1,1,1,A1
H-S,training,T,45,0,0,0,A1
H-S,training,T,46,1,1,0,A1
H-S,training,T,47,1,0,1,A0
H-S,training,T,48,0,1,0,A0
H-S,training,T,49,0,1,1,A1
H-S,training,T,50,1,1,1,A1
H-S,training,T,51,0,0,0,A1
H-S,training,T,52,1,1,0,A1
H-S,training,T,53,0,1,0,A0
H-S,training,T,54,1,0,1,A0
H-S,training,T,55,0,1,1,A1
H-S,training,T,56,1,1,1,A1
H-S,training,T,57,0,0,0,A1
H-S,training,T,58,1,1,0,A1
H-S,training,T,59,0,1,0,A0
H-S,training,T,60,1,0,1,A0
H-S,training,T,61,1,1,1,A1
H-S,training,T,62,0,1,1,A1
H-S,training,T,63,1,0,1,A0
H-S,training,T,64,0,0,0,A1
H-S,training,T,65,1,1,0,A1
H-S,training,T,66,0,1,0,A0
H-S,training,T,67,0,1,1,A1
H-S,training,T,68,1,1,1,A1
H-S,training,T,69,1,0,1,A0
H-S,training,T,70,0,0,0,A1
H-S,training,T,71,1,1,0,A1
H-S,training,T,72,0,1,0,A0
H-S,training,T,73,1,0,1,A0
H-S,training,T,74,0,1,1,A1
H-S,training,T,75,1,1,1,A1
H-S,training,T,76,0,0,0,A1
H-S,training,T,77,0,1,0,A0
H-S,training,T,78,1,1,0,A1
H-S,training,T,79,1,0,1,A0
H-S,training,T,80,0,1,1,A1
H-S,training,T,81,0,0,0,A1
H-S,training,T,82,1,1,1,A1
H-S,training,T,83,1,1,0,A1
H-S,training,T,84,0,1,0,A0
H-S,training,T,85,1,0,1,A0
H-S,training,T,86,0,1,1,A1
H-S,training,T,87,0,0,0,A1
H-S,training,T,88,1,1,1,A1
H-S,training,T,89,0,1,0,A0
H-S,training,T,90,1,1,0,A1
H-S,training,T,91,1,0,1,A0
H-S,training,T,92,0,1,1,A1
H-S,training,T,93,1,1,1,A1
H-S,training,T,94,0,0,0,A1
H-S,training,T,95,1,0,1,A0
H-S,training,T,96,0,1,0,A0
H-S,training,T,97,1,1,0,A1
H-S,training,T,98,0,1,1,A1
H-S,training,T,99,1,1,1,A1
H-S,training,T,100,0,0,0,A1
H-S,training,T,101,0,1,0,A0
H-S,training,T,102,1,0,1,A0
H-S,training,T,103,1,1,0,A1
H-S,training,T,104,0,1,1,A1
H-S,training,T,105,0,0,0,A1
H-S,training,T,106,1,1,1,A1
H-S,training,T,107,0,1,0,A0
H-S,training,T,108,1,0,1,A0
H-S,training,T,109,0,1,1,A1
H-S,training,T,110,1,1,0,A1
H-S,training,T,111,1,0,1,A0
H-S,training,T,112,0,0,0,A1
H-S,training,T,113,1,1,1,A1
H-S,training,T,114,0,1,1,A1
H-S,training,T,115,0,1,0,A0
H-S,training,T,116,1,1,0,A1
H-S,training,T,117,1,0,1,A0
H-S,training,T,118,0,0,0,A1
H-S,training,T,119,0,1,1,A1
H-S,training,T,120,1,1,1,A1
H-S,training,T,121,0,1,0,A0
H-S,training,T,122,1,0,1,A0
H-S,training,T,123,1,1,0,A1
H-S,training,T,124,0,0,0,A1
H-S,training,T,125,0,1,1,A1
H-S,training,T,126,1,1,1,A1
H-S,training,T,127,1,0,1,A0
H-S,training,T,128,0,1,0,A0
H-S,training,T,129,0,0,0,A1
H-S,training,T,130,1,1,0,A1
H-S,training,T,131,0,1,1,A1
H-S,training,T,132,1,0,1,A0
H-S,training,T,133,0,1,0,A0
H-S,training,T,134,1,1,1,A1
H-S,training,T,135,0,0,0,A1
H-S,training,T,136,1,1,0,A1
H-S,training,T,137,1,0,1,A0
H-S,training,T,138,0,1,1,A1
H-S,training,T,139,0,1,0,A0
H-S,training,T,140,1,1,1,A1
H-S,training,T,141,0,0,0,A1
H-S,training,T,142,1,0,1,A0
H-S,training,T,143,0,1,1,A1
H-S,training,T,144,1,1,0,A1
H-S,training,T,145,0,1,0,A0
H-S,training,T,146,0,0,0,A1
H-S,training,T,147,1,1,1,A1
H-S,training,T,148,1,0,1,A0
H-S,training,T,149,0,1,1,A1
H-S,training,T,150,1,1,0,A1
H-S,training,T,151,1,0,1,A0
H-S,training,T,152,0,1,0,A0
H-S,training,T,153,0,0,0,A1
H-S,training,T,154,1,1,1,A1
H-S,training,T,155,0,1,1,A1
H-S,training,T,156,1,1,0,A1
H-S,training,T,157,1,0,1,A0
H-S,training,T,158,0,1,0,A0
H-S,training,T,159,0,0,0,A1
H-S,training,T,160,1,1,1,A1
H-S,training,T,161,0,1,1,A1
H-S,training,T,162,1,0,1,A0
H-S,training,T,163,0,1,0,A0
H-S,training,T,164,1,1,0,A1
H-S,training,T,165,1,0,1,A0
H-S,training,T,166,0,0,0,A1
H-S,training,T,167,0,1,1,A1
H-S,training,T,168,1,1,1,A1
H-S,training,T,169,0,1,0,A0
H-S,training,T,170,1,1,0,A1
H-S,training,T,171,0,0,0,A1
H-S,training,T,172,1,0,1,A0
H-S,training,T,173,0,1,1,A1
H-S,training,T,174,1,1,1,A1
H-S,training,T,175,0,1,0,A0
H-S,training,T,176,1,0,1,A0
H-S,training,T,177,0,0,0,A1
H-S,training,T,178,1,1,0,A1
H-S,training,T,179,0,1,1,A1
H-S,training,T,180,1,1,1,A1
H-S,training,T,181,0,1,0,A0
H-S,training,T,182,0,0,0,A1
H-S,training,T,183,1,0,1,A0
H-S,training,T,184,1,1,0,A1
H-S,training,T,185,0,1,1,A1
H-S,training,T,186,0,1,0,A0
H-S,training,T,187,1,1,1,A1
H-S,training,T,188,1,0,1,A0
H-S,training,T,189,0,0,0,A1
H-S,training,T,190,1,1,0,A1
H-S,training,T,191,0,1,1,A1
H-S,training,T,192,0,1,0,A0
